<?xml version="1.0" encoding="UTF-8"?>
<!DOCTYPE hibernate-mapping PUBLIC 
    "-//Hibernate/Hibernate Mapping DTD 3.0//EN"
    "http://www.hibernate.org/dtd/hibernate-mapping-3.0.dtd">
<hibernate-mapping package="com.gap.domain" >
	<class name="Quality" table="t_quality" >
		<id name="id_zl"  >
			<generator class="native"></generator>
		</id>
		<property name="id_pro" ></property>
		<property name="ny" ></property>
		<property name="harm" ></property>
		<property name="yjw" ></property>

		


		
	</class>
</hibernate-mapping>